item_id	citation	title	authority_tier	validity	validity_note	translation_status	translation_of	quotation_qualifier	version_id	lang	source_url	retrieved	media_type	bytes	sha256
AADHAAR-2016-s1	Aadhaar (Targeted Delivery of Financial and Other Subsidies, Benefits and Services) Act, 2016 (Act 18 of 2016), s. 1	Short title, extent and commencement.	legislative	in-force		authoritative			India Code 123456789/529353, accessioned 2026-07-10	eng	https://indiacode.gov.in/handle/123456789/529353	2026-09-16	application/json	704	602fa6cb77d4863baa93a71d61b154a27cfc2dda1f35f25f51fb026923d40714
AADHAAR-2016-s10	Aadhaar (Targeted Delivery of Financial and Other Subsidies, Benefits and Services) Act, 2016 (Act 18 of 2016), s. 10	Central Identities Data Repository.	legislative	in-force		authoritative			India Code 123456789/529409, accessioned 2026-07-10	eng	https://indiacode.gov.in/handle/123456789/529409	2026-09-16	application/json	222	c8a84a927fe929d4ddc47d443dc76b6665f0da24277b64485a6556f8506daca4
AADHAAR-2016-s11	Aadhaar (Targeted Delivery of Financial and Other Subsidies, Benefits and Services) Act, 2016 (Act 18 of 2016), s. 11	Establishment of Authority.	legislative	in-force		authoritative			India Code 123456789/529420, accessioned 2026-07-10	eng	https://indiacode.gov.in/handle/123456789/529420	2026-09-16	application/json	777	e8e580ebfd5ea63bff93647b85cb7628a272bc12cebeee187eb4d12451a0649b
AADHAAR-2016-s12	Aadhaar (Targeted Delivery of Financial and Other Subsidies, Benefits and Services) Act, 2016 (Act 18 of 2016), s. 12	Composition of Authority.	legislative	in-force		authoritative			India Code 123456789/529428, accessioned 2026-07-10	eng	https://indiacode.gov.in/handle/123456789/529428	2026-09-16	application/json	265	7ca28ea7bba97d759a67e7605ffdaec5bb4120d01d434068ccc6517912117216
AADHAAR-2016-s13	Aadhaar (Targeted Delivery of Financial and Other Subsidies, Benefits and Services) Act, 2016 (Act 18 of 2016), s. 13	Qualifications for appointment of Chairperson and Members of Authority.	legislative	in-force		authoritative			India Code 123456789/529439, accessioned 2026-07-10	eng	https://indiacode.gov.in/handle/123456789/529439	2026-09-16	application/json	348	7ca6fca6136bc28b1807cb8f5575442c7cce13cf5afa50d34afdb1dadbeeecc1
AADHAAR-2016-s14	Aadhaar (Targeted Delivery of Financial and Other Subsidies, Benefits and Services) Act, 2016 (Act 18 of 2016), s. 14	Term of office and other conditions of service of Chairperson and Members.	legislative	in-force		authoritative			India Code 123456789/529449, accessioned 2026-07-10	eng	https://indiacode.gov.in/handle/123456789/529449	2026-09-16	application/json	1089	b986154ede84ab01cf494395984cb16b4ab0feb0c6c33b5d273e28cb2b694adb
AADHAAR-2016-s15	Aadhaar (Targeted Delivery of Financial and Other Subsidies, Benefits and Services) Act, 2016 (Act 18 of 2016), s. 15	Removal of Chairperson and Members.	legislative	in-force		authoritative			India Code 123456789/529460, accessioned 2026-07-10	eng	https://indiacode.gov.in/handle/123456789/529460	2026-09-16	application/json	893	e8d1132e9a94fdb38067a564648554b1cd52699f85f3e4f408a31b9e84d5a953
AADHAAR-2016-s16	Aadhaar (Targeted Delivery of Financial and Other Subsidies, Benefits and Services) Act, 2016 (Act 18 of 2016), s. 16	Restrictions on Chairperson or Members on employment after cessation of office.	legislative	in-force		authoritative			India Code 123456789/529471, accessioned 2026-07-10	eng	https://indiacode.gov.in/handle/123456789/529471	2026-09-16	application/json	1746	5b5946743d12728923ba48d0e97eb17fa4cb19ec3aadc994b3b2dba9a3b8a1cb
AADHAAR-2016-s17	Aadhaar (Targeted Delivery of Financial and Other Subsidies, Benefits and Services) Act, 2016 (Act 18 of 2016), s. 17	Functions of Chairperson.	legislative	in-force		authoritative			India Code 123456789/529481, accessioned 2026-07-10	eng	https://indiacode.gov.in/handle/123456789/529481	2026-09-16	application/json	242	027efb0f7b71881812c4d6c3394521e6a539be6c6ba00ff7e3acd03ab843e27a
AADHAAR-2016-s18	Aadhaar (Targeted Delivery of Financial and Other Subsidies, Benefits and Services) Act, 2016 (Act 18 of 2016), s. 18	Chief executive officer.	legislative	in-force		authoritative			India Code 123456789/529489, accessioned 2026-07-10	eng	https://indiacode.gov.in/handle/123456789/529489	2026-09-16	application/json	1163	db097f72c68166393d393b15569842d7691ed390756d7e917e3e31174367f018
AADHAAR-2016-s19	Aadhaar (Targeted Delivery of Financial and Other Subsidies, Benefits and Services) Act, 2016 (Act 18 of 2016), s. 19	Meetings of Authority.	legislative	in-force		authoritative			India Code 123456789/529490, accessioned 2026-07-10	eng	https://indiacode.gov.in/handle/123456789/529490	2026-09-16	application/json	1366	a2efefabbdca773f971d2d0a4bc78579e9d4bb9e8e4dc5fd5f4ee7cb32dc7b1c
AADHAAR-2016-s2	Aadhaar (Targeted Delivery of Financial and Other Subsidies, Benefits and Services) Act, 2016 (Act 18 of 2016), s. 2	Definitions.	legislative	read-down	Read down in K.S. Puttaswamy v. Union of India (26 Sep 2018): an authentication record does not include the metadata that Regulation 26(c) of the Aadhaar (Authentication) Regulations, 2016 provided for, and that regulation was struck down. The whole of section 2 carries the banner because the corpus item is the section; the disposition is about clause (d) alone.	authoritative			India Code 123456789/529364, accessioned 2026-07-10	eng	https://indiacode.gov.in/handle/123456789/529364	2026-09-16	application/json	5258	bef26def654db83c4daf523946f5dfa53e1843e374633f7427d7c9b00f15d84e
AADHAAR-2016-s20	Aadhaar (Targeted Delivery of Financial and Other Subsidies, Benefits and Services) Act, 2016 (Act 18 of 2016), s. 20	Vacancies, etc., not to invalidate proceedings of Authority.	legislative	in-force		authoritative			India Code 123456789/529491, accessioned 2026-07-10	eng	https://indiacode.gov.in/handle/123456789/529491	2026-09-16	application/json	401	49e94eedfd1b6048b256a271db5098b5fa840cfcbc8a206c5d815e70c51d0e0e
AADHAAR-2016-s21	Aadhaar (Targeted Delivery of Financial and Other Subsidies, Benefits and Services) Act, 2016 (Act 18 of 2016), s. 21	Officers and other employees of Authority.	legislative	in-force		authoritative			India Code 123456789/529492, accessioned 2026-07-10	eng	https://indiacode.gov.in/handle/123456789/529492	2026-09-16	application/json	417	bc143cdd391c8b23565fb8b2e7cc5caeff33f71100625f4fb86b24fd99c3bdd1
AADHAAR-2016-s22	Aadhaar (Targeted Delivery of Financial and Other Subsidies, Benefits and Services) Act, 2016 (Act 18 of 2016), s. 22	Transfer of assets, liabilities of Authority.	legislative	in-force		authoritative			India Code 123456789/529493, accessioned 2026-07-10	eng	https://indiacode.gov.in/handle/123456789/529493	2026-09-16	application/json	1887	e34aa209553425ca1078f1ff9f6256389f0f8bfcdefbdd09b7383f09d34277a0
AADHAAR-2016-s23	Aadhaar (Targeted Delivery of Financial and Other Subsidies, Benefits and Services) Act, 2016 (Act 18 of 2016), s. 23	Powers and functions of Authority.	legislative	in-force		authoritative			India Code 123456789/529494, accessioned 2026-07-10	eng	https://indiacode.gov.in/handle/123456789/529494	2026-09-16	application/json	4033	addb2ee40444b2f4d41f976d9bb8924c0822abc99b98c1caee149a1e7ba19efa
AADHAAR-2016-s23A	Aadhaar (Targeted Delivery of Financial and Other Subsidies, Benefits and Services) Act, 2016 (Act 18 of 2016), s. 23A	Power of Authority to issue directions.	legislative	in-force		authoritative			India Code 123456789/538066, accessioned 2026-07-10	eng	https://indiacode.gov.in/handle/123456789/538066	2026-09-16	application/json	479	abaa0ef51b60a7686c9f1c2ede50c83110c0f389fd5e7ae16fa1ac3b157bae48
AADHAAR-2016-s24	Aadhaar (Targeted Delivery of Financial and Other Subsidies, Benefits and Services) Act, 2016 (Act 18 of 2016), s. 24	Grants by Central Government.	legislative	in-force		authoritative			India Code 123456789/529495, accessioned 2026-07-10	eng	https://indiacode.gov.in/handle/123456789/529495	2026-09-16	application/json	269	0da71a15d0daf980e1d83832f9fb2f3b7afce096cc4eadaf763f6a6dfac6ead6
AADHAAR-2016-s25	Aadhaar (Targeted Delivery of Financial and Other Subsidies, Benefits and Services) Act, 2016 (Act 18 of 2016), s. 25	Fund.	legislative	in-force		authoritative			India Code 123456789/529505, accessioned 2026-07-10	eng	https://indiacode.gov.in/handle/123456789/529505	2026-09-16	application/json	695	d4364e30650283fe5fe48c6eabf45d3ee16cb4386404bde012d5f6db23278364
AADHAAR-2016-s26	Aadhaar (Targeted Delivery of Financial and Other Subsidies, Benefits and Services) Act, 2016 (Act 18 of 2016), s. 26	Accounts and audit.	legislative	in-force		authoritative			India Code 123456789/529516, accessioned 2026-07-10	eng	https://indiacode.gov.in/handle/123456789/529516	2026-09-16	application/json	1488	afa32a33cbeaefcbf0c7abbecf90c4b280e5ee113fae2587a94444771a485b18
AADHAAR-2016-s27	Aadhaar (Targeted Delivery of Financial and Other Subsidies, Benefits and Services) Act, 2016 (Act 18 of 2016), s. 27	Returns and annual report, etc.	legislative	in-force		authoritative			India Code 123456789/529527, accessioned 2026-07-10	eng	https://indiacode.gov.in/handle/123456789/529527	2026-09-16	application/json	856	95dd826018972965804c829d49c96ff0fdfc455eddce6b47aa9f88a39425f1df
AADHAAR-2016-s28	Aadhaar (Targeted Delivery of Financial and Other Subsidies, Benefits and Services) Act, 2016 (Act 18 of 2016), s. 28	Security and confidentiality of information.	legislative	in-force		authoritative			India Code 123456789/529538, accessioned 2026-07-10	eng	https://indiacode.gov.in/handle/123456789/529538	2026-09-16	application/json	2041	e01f3973693e8bde18ec80ae3943ef2af332cdd612d19bc928ffc0abedb5dbf2
AADHAAR-2016-s29	Aadhaar (Targeted Delivery of Financial and Other Subsidies, Benefits and Services) Act, 2016 (Act 18 of 2016), s. 29	Restriction on sharing information.	legislative	in-force		authoritative			India Code 123456789/529548, accessioned 2026-07-10	eng	https://indiacode.gov.in/handle/123456789/529548	2026-09-16	application/json	1346	fd1fd71b84bfe501599a2258b181fed27ae16043dcdfd4087f48d79a26ed8423
AADHAAR-2016-s3	Aadhaar (Targeted Delivery of Financial and Other Subsidies, Benefits and Services) Act, 2016 (Act 18 of 2016), s. 3	Aadhaar number.	legislative	in-force		authoritative			India Code 123456789/529374, accessioned 2026-07-10	eng	https://indiacode.gov.in/handle/123456789/529374	2026-09-16	application/json	1437	13ae8cf650f73372ec70feaa2bb8e4804fd7c5d8b366960a2ec344fcd0e2c505
AADHAAR-2016-s30	Aadhaar (Targeted Delivery of Financial and Other Subsidies, Benefits and Services) Act, 2016 (Act 18 of 2016), s. 30	Biometric information deemed to be sensitive personal information.	legislative	in-force		authoritative			India Code 123456789/529558, accessioned 2026-07-10	eng	https://indiacode.gov.in/handle/123456789/529558	2026-09-16	application/json	1118	b83ed4e246bffed1749793a8dd1580ad8b263503b0263f10d838d0350043e574
AADHAAR-2016-s31	Aadhaar (Targeted Delivery of Financial and Other Subsidies, Benefits and Services) Act, 2016 (Act 18 of 2016), s. 31	Alteration of demographic information or biometric information.	legislative	in-force		authoritative			India Code 123456789/529568, accessioned 2026-07-10	eng	https://indiacode.gov.in/handle/123456789/529568	2026-09-16	application/json	1118	c0fe6ed3c0da52eb585eeadaad7bb021da044663bb8019f7b98f4ad3fe7460a4
AADHAAR-2016-s32	Aadhaar (Targeted Delivery of Financial and Other Subsidies, Benefits and Services) Act, 2016 (Act 18 of 2016), s. 32	Access to own information and records of requests for authentication.	legislative	in-force		authoritative			India Code 123456789/529579, accessioned 2026-07-10	eng	https://indiacode.gov.in/handle/123456789/529579	2026-09-16	application/json	504	aa83c0ba2ccda0bf8c3916aa0c0387d2f4549759a0cd5065f379fc74b0ec6b92
AADHAAR-2016-s33	Aadhaar (Targeted Delivery of Financial and Other Subsidies, Benefits and Services) Act, 2016 (Act 18 of 2016), s. 33	Disclosure of information in certain cases.	legislative	in-force	Sub-section (1) was read down in 2018 to require an opportunity of hearing, and the Aadhaar and Other Laws (Amendment) Act, 2019 (Act 14 of 2019), s. 14 put that requirement into the statute, so the read-down is spent. Sub-section (2) as it then stood was struck down and s. 14 re-enacted it in amended form — 'Secretary' for 'Joint Secretary', with an Oversight Committee — and the current text has not been tested.	authoritative			India Code 123456789/529590, accessioned 2026-07-10	eng	https://indiacode.gov.in/handle/123456789/529590	2026-09-16	application/json	1682	5c55b8c021e5d6ef8679612854710004e33b348c6827bfda57b274d028f47a12
AADHAAR-2016-s33A	Aadhaar (Targeted Delivery of Financial and Other Subsidies, Benefits and Services) Act, 2016 (Act 18 of 2016), s. 33A	Penalty for failure to comply with provisions of this Act, rules, regulations and directions.	legislative	in-force		authoritative			India Code 123456789/538067, accessioned 2026-07-10	eng	https://indiacode.gov.in/handle/123456789/538067	2026-09-16	application/json	932	d261b5aa87feb3a7f5186ea69ba7bd03f4cb6efd91ac28ad8f202f4eafb6d083
AADHAAR-2016-s33B	Aadhaar (Targeted Delivery of Financial and Other Subsidies, Benefits and Services) Act, 2016 (Act 18 of 2016), s. 33B	Power to adjudicate.	legislative	in-force		authoritative			India Code 123456789/538068, accessioned 2026-07-10	eng	https://indiacode.gov.in/handle/123456789/538068	2026-09-16	application/json	1459	e2bfcc2a4a17990666c1e5436a04e8c76058a720f610865d288d644a8caadc0e
AADHAAR-2016-s33C	Aadhaar (Targeted Delivery of Financial and Other Subsidies, Benefits and Services) Act, 2016 (Act 18 of 2016), s. 33C	Appeals to Appellate Tribunal.	legislative	in-force		authoritative			India Code 123456789/538069, accessioned 2026-07-10	eng	https://indiacode.gov.in/handle/123456789/538069	2026-09-16	application/json	1717	ec32c5ea5ef17c6f73fdc9d2eae2fc35d9e9100d70d1a0ba106d14c1ec2c314b
AADHAAR-2016-s33D	Aadhaar (Targeted Delivery of Financial and Other Subsidies, Benefits and Services) Act, 2016 (Act 18 of 2016), s. 33D	Procedure and powers of the Appellate Tribunal	legislative	in-force		authoritative			India Code 123456789/538070, accessioned 2026-07-10	eng	https://indiacode.gov.in/handle/123456789/538070	2026-09-16	application/json	423	42b8fbd6f25141b632db5733a6f5aa6e870819d7e91746495f91df0d143db28c
AADHAAR-2016-s33E	Aadhaar (Targeted Delivery of Financial and Other Subsidies, Benefits and Services) Act, 2016 (Act 18 of 2016), s. 33E	Appeal to Supreme Court of India.	legislative	in-force		authoritative			India Code 123456789/538071, accessioned 2026-07-10	eng	https://indiacode.gov.in/handle/123456789/538071	2026-09-16	application/json	871	fa4d9f2a0822ba0bc0b511ce6296144a13f1cc7b9cfb3aa7d18babed5bc1c6b4
AADHAAR-2016-s33F	Aadhaar (Targeted Delivery of Financial and Other Subsidies, Benefits and Services) Act, 2016 (Act 18 of 2016), s. 33F	Civil court not to have jurisdiction	legislative	in-force		authoritative			India Code 123456789/538072, accessioned 2026-07-10	eng	https://indiacode.gov.in/handle/123456789/538072	2026-09-16	application/json	493	22670dfe3ec5a1bc237da3a8f5eaa635e2a09f730667b5dd1b7231477fa8ce91
AADHAAR-2016-s34	Aadhaar (Targeted Delivery of Financial and Other Subsidies, Benefits and Services) Act, 2016 (Act 18 of 2016), s. 34	Penalty for impersonation at time of enrolment.	legislative	in-force		authoritative			India Code 123456789/529601, accessioned 2026-07-10	eng	https://indiacode.gov.in/handle/123456789/529601	2026-09-16	application/json	381	67beb09d8347a733d8f469b3460ceab2836b4ee369e2fa8064fe7aa301d2b765
AADHAAR-2016-s35	Aadhaar (Targeted Delivery of Financial and Other Subsidies, Benefits and Services) Act, 2016 (Act 18 of 2016), s. 35	Penalty for impersonation of Aadhaar number holder by changing demographic information or biometric information.	legislative	in-force		authoritative			India Code 123456789/529612, accessioned 2026-07-10	eng	https://indiacode.gov.in/handle/123456789/529612	2026-09-16	application/json	646	4dd6d7c9d6e5d6e7c98c658cdc6e3e2fe28905bcc856187077751d68e0b1f8c1
AADHAAR-2016-s36	Aadhaar (Targeted Delivery of Financial and Other Subsidies, Benefits and Services) Act, 2016 (Act 18 of 2016), s. 36	Penalty for impersonation.	legislative	in-force		authoritative			India Code 123456789/529623, accessioned 2026-07-10	eng	https://indiacode.gov.in/handle/123456789/529623	2026-09-16	application/json	427	cf12c74eca7e598d83401ba2265d107da7e2f6afaee1695cf5c3ed5cea2a852c
AADHAAR-2016-s37	Aadhaar (Targeted Delivery of Financial and Other Subsidies, Benefits and Services) Act, 2016 (Act 18 of 2016), s. 37	Penalty for disclosing identity information.	legislative	in-force		authoritative			India Code 123456789/529627, accessioned 2026-07-10	eng	https://indiacode.gov.in/handle/123456789/529627	2026-09-16	application/json	615	aa4f1a62d1dc7163c5da0a986218f7ee98498944cb68d01a15fbb4d75fff4a9c
AADHAAR-2016-s38	Aadhaar (Targeted Delivery of Financial and Other Subsidies, Benefits and Services) Act, 2016 (Act 18 of 2016), s. 38	Penalty for unauthorised access to the Central Identities Data Repository.	legislative	in-force		authoritative			India Code 123456789/529629, accessioned 2026-07-10	eng	https://indiacode.gov.in/handle/123456789/529629	2026-09-16	application/json	1923	d52352301c875db130fdfb276e065194a02564501e3a0e0f994e239469d8e508
AADHAAR-2016-s39	Aadhaar (Targeted Delivery of Financial and Other Subsidies, Benefits and Services) Act, 2016 (Act 18 of 2016), s. 39	Penalty for tampering with data in Central Identities Data Repository.	legislative	in-force		authoritative			India Code 123456789/529640, accessioned 2026-07-10	eng	https://indiacode.gov.in/handle/123456789/529640	2026-09-16	application/json	503	cc1d0dc4ab64e7d6855dd43b462a89ff6094998f71928757263f45bc075f5217
AADHAAR-2016-s3A	Aadhaar (Targeted Delivery of Financial and Other Subsidies, Benefits and Services) Act, 2016 (Act 18 of 2016), s. 3A	Aadhaar number of children	legislative	in-force		authoritative			India Code 123456789/538064, accessioned 2026-07-10	eng	https://indiacode.gov.in/handle/123456789/538064	2026-09-16	application/json	946	91eadafb287c3eb9b48083261a1d0632d10eb899fad7e70a01280fff348eb699
AADHAAR-2016-s4	Aadhaar (Targeted Delivery of Financial and Other Subsidies, Benefits and Services) Act, 2016 (Act 18 of 2016), s. 4	Properties of Aadhaar number.	legislative	in-force		authoritative			India Code 123456789/529378, accessioned 2026-07-10	eng	https://indiacode.gov.in/handle/123456789/529378	2026-09-16	application/json	1958	7c9a535a327920ab16de00a3cf4ab992eb7110c5825ded9f6a5bd3ae99b5d527
AADHAAR-2016-s40	Aadhaar (Targeted Delivery of Financial and Other Subsidies, Benefits and Services) Act, 2016 (Act 18 of 2016), s. 40	Penalty for unauthorised use by requesting entity or offline verification-seeking entity.	legislative	in-force		authoritative			India Code 123456789/529651, accessioned 2026-07-10	eng	https://indiacode.gov.in/handle/123456789/529651	2026-09-16	application/json	702	1fcf6e123b1fa6419fb4259a8c7e712f2292114719afff13bc349ae0c08b09d5
AADHAAR-2016-s41	Aadhaar (Targeted Delivery of Financial and Other Subsidies, Benefits and Services) Act, 2016 (Act 18 of 2016), s. 41	Penalty for non-compliance with intimation requirements.	legislative	in-force		authoritative			India Code 123456789/529662, accessioned 2026-07-10	eng	https://indiacode.gov.in/handle/123456789/529662	2026-09-16	application/json	368	1dcb355d018faa01d85ba32da69015f4ba5e8cf532c9fdc79ac40799957577b6
AADHAAR-2016-s42	Aadhaar (Targeted Delivery of Financial and Other Subsidies, Benefits and Services) Act, 2016 (Act 18 of 2016), s. 42	General penalty.	legislative	in-force		authoritative			India Code 123456789/529673, accessioned 2026-07-10	eng	https://indiacode.gov.in/handle/123456789/529673	2026-09-16	application/json	416	88553f83e6f4c124b311926898c6a3f6fff265f7e7fe8532ba42fbd568198f0a
AADHAAR-2016-s43	Aadhaar (Targeted Delivery of Financial and Other Subsidies, Benefits and Services) Act, 2016 (Act 18 of 2016), s. 43	Offences by companies.	legislative	in-force		authoritative			India Code 123456789/529684, accessioned 2026-07-10	eng	https://indiacode.gov.in/handle/123456789/529684	2026-09-16	application/json	1387	6f44434264e6ea3be46b11268f9537e2eb4fe03a7a7905f8df824ef3f0bafeaf
AADHAAR-2016-s44	Aadhaar (Targeted Delivery of Financial and Other Subsidies, Benefits and Services) Act, 2016 (Act 18 of 2016), s. 44	Act to apply for offence or contravention committed outside India.	legislative	in-force		authoritative			India Code 123456789/529695, accessioned 2026-07-10	eng	https://indiacode.gov.in/handle/123456789/529695	2026-09-16	application/json	545	7e64c41bbdea4149047fd5c2279c9051092b414999efacd60be6d04eb4859b8f
AADHAAR-2016-s45	Aadhaar (Targeted Delivery of Financial and Other Subsidies, Benefits and Services) Act, 2016 (Act 18 of 2016), s. 45	Power to investigate offences.	legislative	in-force		authoritative			India Code 123456789/529706, accessioned 2026-07-10	eng	https://indiacode.gov.in/handle/123456789/529706	2026-09-16	application/json	228	860aa3f624f0107264c2ff9221e1061e034401265fb83d06195cfaa1af7a745f
AADHAAR-2016-s46	Aadhaar (Targeted Delivery of Financial and Other Subsidies, Benefits and Services) Act, 2016 (Act 18 of 2016), s. 46	Penalties not to interfere with other punishments.	legislative	in-force		authoritative			India Code 123456789/529717, accessioned 2026-07-10	eng	https://indiacode.gov.in/handle/123456789/529717	2026-09-16	application/json	202	13090332bd96667545d9db170564ca85abe7a60e7eb9eaa1e9e4e5cdb2d5139f
AADHAAR-2016-s47	Aadhaar (Targeted Delivery of Financial and Other Subsidies, Benefits and Services) Act, 2016 (Act 18 of 2016), s. 47	Cognizance of offences.	legislative	in-force	The 2018 judgment held section 47 constitutional and recommended that it be amended to let a victim complain; Act 14 of 2019, s. 20 inserted the proviso that does exactly that. So this is a recommendation Parliament took, not a disposition that binds the current text.	authoritative			India Code 123456789/529727, accessioned 2026-07-10	eng	https://indiacode.gov.in/handle/123456789/529727	2026-09-16	application/json	527	44f225a8b6002450027572a0fc8ddea119ec25132eef188d6a790d1cda5b07e6
AADHAAR-2016-s48	Aadhaar (Targeted Delivery of Financial and Other Subsidies, Benefits and Services) Act, 2016 (Act 18 of 2016), s. 48	Power of Central Government to supersede Authority.	legislative	in-force		authoritative			India Code 123456789/529738, accessioned 2026-07-10	eng	https://indiacode.gov.in/handle/123456789/529738	2026-09-16	application/json	2563	eefe3c22463c75d7f06fce69e80953fa9cc2d4d65ceaeb75d1ccca6d879f9880
AADHAAR-2016-s49	Aadhaar (Targeted Delivery of Financial and Other Subsidies, Benefits and Services) Act, 2016 (Act 18 of 2016), s. 49	Members, officers, etc., to be public servants.	legislative	in-force		authoritative			India Code 123456789/529747, accessioned 2026-07-10	eng	https://indiacode.gov.in/handle/123456789/529747	2026-09-16	application/json	320	286af8e2b1855b11ecf3733130e6d33ca455de277bacb89078016ec586cd9a1a
AADHAAR-2016-s5	Aadhaar (Targeted Delivery of Financial and Other Subsidies, Benefits and Services) Act, 2016 (Act 18 of 2016), s. 5	Special measures for issuance of Aadhaar number to certain category of persons.	legislative	in-force		authoritative			India Code 123456789/529379, accessioned 2026-07-10	eng	https://indiacode.gov.in/handle/123456789/529379	2026-09-16	application/json	408	9d3ae4315bdd78530b51d2391728f732ebd3ed90d16e85ed3eac33caa23d078a
AADHAAR-2016-s50	Aadhaar (Targeted Delivery of Financial and Other Subsidies, Benefits and Services) Act, 2016 (Act 18 of 2016), s. 50	Power of Central Government to issue directions.	legislative	in-force		authoritative			India Code 123456789/529753, accessioned 2026-07-10	eng	https://indiacode.gov.in/handle/123456789/529753	2026-09-16	application/json	782	5930b0e50f9697e514f4938419bcc06535ac35880226d5b253920087ec27fac7
AADHAAR-2016-s50A	Aadhaar (Targeted Delivery of Financial and Other Subsidies, Benefits and Services) Act, 2016 (Act 18 of 2016), s. 50A	Exemption from tax on income.	legislative	in-force		authoritative			India Code 123456789/538073, accessioned 2026-07-10	eng	https://indiacode.gov.in/handle/123456789/538073	2026-09-16	application/json	361	4486fbd5f3106eb4fb437cd0eb818500120e80359b0618aad3a43ac953906a88
AADHAAR-2016-s51	Aadhaar (Targeted Delivery of Financial and Other Subsidies, Benefits and Services) Act, 2016 (Act 18 of 2016), s. 51	Delegation.	legislative	in-force		authoritative			India Code 123456789/529754, accessioned 2026-07-10	eng	https://indiacode.gov.in/handle/123456789/529754	2026-09-16	application/json	330	889c73f8ba108ff1776a99e773a1c455ea1b16fa7f79ef44d48329cbbe6a8ed2
AADHAAR-2016-s52	Aadhaar (Targeted Delivery of Financial and Other Subsidies, Benefits and Services) Act, 2016 (Act 18 of 2016), s. 52	Protection of action taken in good faith.	legislative	in-force		authoritative			India Code 123456789/529755, accessioned 2026-07-10	eng	https://indiacode.gov.in/handle/123456789/529755	2026-09-16	application/json	358	ff1c06fa13c0af3aeea8a9e6288effa0499570be2a297217ad7a00af7cb40aa4
AADHAAR-2016-s53	Aadhaar (Targeted Delivery of Financial and Other Subsidies, Benefits and Services) Act, 2016 (Act 18 of 2016), s. 53	Power of Central Government to make rules.	legislative	in-force		authoritative			India Code 123456789/529763, accessioned 2026-07-10	eng	https://indiacode.gov.in/handle/123456789/529763	2026-09-16	application/json	1845	2a9951db53089d360dfd5c873f298193f064e45d7fda1f3de7705ad90577b589
AADHAAR-2016-s54	Aadhaar (Targeted Delivery of Financial and Other Subsidies, Benefits and Services) Act, 2016 (Act 18 of 2016), s. 54	Power of Authority to make regulations.	legislative	in-force		authoritative			India Code 123456789/529774, accessioned 2026-07-10	eng	https://indiacode.gov.in/handle/123456789/529774	2026-09-16	application/json	5188	33543d76449aeb85e804403768afd172029ebdf16ca16cf36b9a13c0bbaa3500
AADHAAR-2016-s55	Aadhaar (Targeted Delivery of Financial and Other Subsidies, Benefits and Services) Act, 2016 (Act 18 of 2016), s. 55	Laying of rules and regulations before Parliament.	legislative	in-force		authoritative			India Code 123456789/529783, accessioned 2026-07-10	eng	https://indiacode.gov.in/handle/123456789/529783	2026-09-16	application/json	857	da9a8b2f60d8c57dc48c5eee762bd5ee7a82ccd3d733a8cdf8acae26fba13763
AADHAAR-2016-s56	Aadhaar (Targeted Delivery of Financial and Other Subsidies, Benefits and Services) Act, 2016 (Act 18 of 2016), s. 56	Application of other laws not barred.	legislative	in-force		authoritative			India Code 123456789/529793, accessioned 2026-07-10	eng	https://indiacode.gov.in/handle/123456789/529793	2026-09-16	application/json	163	57a5b8c0efab74745b664f98613172225badc7741724dbd323df45fbf81650a3
AADHAAR-2016-s57	Aadhaar (Targeted Delivery of Financial and Other Subsidies, Benefits and Services) Act, 2016 (Act 18 of 2016), s. 57	Act not to prevent use of Aadhaar number for other purposes under law.	legislative	repealed	Omitted by the Aadhaar and Other Laws (Amendment) Act, 2019 (Act 14 of 2019), s. 25 (w.e.f. 25-7-2019). The part of it that enabled a body corporate or person to seek authentication had already been held unconstitutional in K.S. Puttaswamy v. Union of India (26 Sep 2018), and Parliament then omitted the section entire.	authoritative			India Code 123456789/529804, accessioned 2026-07-10	eng	https://indiacode.gov.in/handle/123456789/529804	2026-09-16	application/json	181	1b2ec7b2e401f06d0b10d273a3f9163733bba907ef00eec84d5b52c9df353c9e
AADHAAR-2016-s58	Aadhaar (Targeted Delivery of Financial and Other Subsidies, Benefits and Services) Act, 2016 (Act 18 of 2016), s. 58	Power to remove difficulties.	legislative	in-force		authoritative			India Code 123456789/529812, accessioned 2026-07-10	eng	https://indiacode.gov.in/handle/123456789/529812	2026-09-16	application/json	565	f18350ddc13ccb3b449662b29aff4acc766c0cd9e499d3b9544b4af988715a17
AADHAAR-2016-s59	Aadhaar (Targeted Delivery of Financial and Other Subsidies, Benefits and Services) Act, 2016 (Act 18 of 2016), s. 59	Savings.	legislative	in-force		authoritative			India Code 123456789/529813, accessioned 2026-07-10	eng	https://indiacode.gov.in/handle/123456789/529813	2026-09-16	application/json	493	4cf530d4d5f29e2dbd8a0da424878fade5b156f8403dfd6d8574893740c8ce61
AADHAAR-2016-s6	Aadhaar (Targeted Delivery of Financial and Other Subsidies, Benefits and Services) Act, 2016 (Act 18 of 2016), s. 6	Update of certain information.	legislative	in-force		authoritative			India Code 123456789/529380, accessioned 2026-07-10	eng	https://indiacode.gov.in/handle/123456789/529380	2026-09-16	application/json	319	f8a1388cebc3a3b63765555053d4a4183af70ce1b824a36669db503c9ab916fb
AADHAAR-2016-s7	Aadhaar (Targeted Delivery of Financial and Other Subsidies, Benefits and Services) Act, 2016 (Act 18 of 2016), s. 7	Proof of Aadhaar number necessary for receipt of certain subsidies, benefits and services, etc.	legislative	read-down	Read down in K.S. Puttaswamy v. Union of India (26 Sep 2018): 'benefit' takes its meaning ejusdem generis from 'subsidies', so section 7 reaches only expenditure charged to the Consolidated Fund and not a benefit an individual has earned. The text as enacted is wider than what it now means.	authoritative			India Code 123456789/529381, accessioned 2026-07-10	eng	https://indiacode.gov.in/handle/123456789/529381	2026-09-16	application/json	869	7680d088fd0f2bb1623b33d54730c10424d73028004e6d5115c43dd1d4ae4c78
AADHAAR-2016-s8	Aadhaar (Targeted Delivery of Financial and Other Subsidies, Benefits and Services) Act, 2016 (Act 18 of 2016), s. 8	Authentication of Aadhaar number.	legislative	in-force		authoritative			India Code 123456789/529390, accessioned 2026-07-10	eng	https://indiacode.gov.in/handle/123456789/529390	2026-09-16	application/json	1845	cd3a5003bc22c9a81d22c96cc0fffdb3456484ac25b1d58a18dd5c7342716c82
AADHAAR-2016-s8A	Aadhaar (Targeted Delivery of Financial and Other Subsidies, Benefits and Services) Act, 2016 (Act 18 of 2016), s. 8A	Offline verification of Aadhaar number.	legislative	in-force		authoritative			India Code 123456789/538065, accessioned 2026-07-10	eng	https://indiacode.gov.in/handle/123456789/538065	2026-09-16	application/json	1499	e0459730fc18184e747072b06168a7b29502ae0d80c90016afafb57509e16f31
AADHAAR-2016-s9	Aadhaar (Targeted Delivery of Financial and Other Subsidies, Benefits and Services) Act, 2016 (Act 18 of 2016), s. 9	Aadhaar number not evidence of citizenship or domicile, etc.	legislative	in-force		authoritative			India Code 123456789/529399, accessioned 2026-07-10	eng	https://indiacode.gov.in/handle/123456789/529399	2026-09-16	application/json	236	27bb17a2a57fdf07cf63805e5207ee871b45166d4804d730f0ad77b0edd78e9b
COPYRIGHT-1957-s17	Copyright Act, 1957 (Act 14 of 1957), s. 17	First owner of copyright.	legislative	in-force		authoritative			India Code 123456789/515548, accessioned 2026-07-10	eng	https://indiacode.gov.in/handle/123456789/515548	2026-09-16	application/json	3152	b12500696c2dbd4b24dd590c5df4f913b916b6d3c9d18a6654f3f2d0e1385e91
COPYRIGHT-1957-s2	Copyright Act, 1957 (Act 14 of 1957), s. 2	Interpretation.	legislative	in-force		authoritative			India Code 123456789/515532, accessioned 2026-07-10	eng	https://indiacode.gov.in/handle/123456789/515532	2026-09-16	application/json	8700	c76b4e019f93f610e4d371c71978860dd2a63023f3934c58412d067d9bbaf326
COPYRIGHT-1957-s28	Copyright Act, 1957 (Act 14 of 1957), s. 28	Term of copyright Government works.	legislative	in-force		authoritative			India Code 123456789/515562, accessioned 2026-07-10	eng	https://indiacode.gov.in/handle/123456789/515562	2026-09-16	application/json	281	24d5caa337e08bd54a11fa5e07d7a3d5211b248b65482988fe1975ccd4cefae2
COPYRIGHT-1957-s52	Copyright Act, 1957 (Act 14 of 1957), s. 52	Certain acts not to be infringement of copyright.	legislative	in-force		authoritative			India Code 123456789/515607, accessioned 2026-07-10	eng	https://indiacode.gov.in/handle/123456789/515607	2026-09-16	application/json	13438	597b9218620b821f3f3e32e0abb0605f7a7177e5a38bb34e118545cfa161f334
DPDP-2023-s1	Digital Personal Data Protection Act, 2023 (Act 22 of 2023), s. 1	Short title and commencement.	legislative	in-force	Section 1 carries the short title and the commencement power; G.S.R. 843(E) of 13-11-2025 expressly appoints sub-section (2) as in force from that date.	authoritative			India Code 123456789/512131, accessioned 2026-07-10	eng	https://indiacode.gov.in/handle/123456789/512131	2026-09-16	application/json	456	e29dc51ec3161a6393e2045a3ec99f307afc3b9264d9f48cf099a8e93f747657
DPDP-2023-s10	Digital Personal Data Protection Act, 2023 (Act 22 of 2023), s. 10	Additional obligations of Significant Data Fiduciary.	legislative	not-yet-applicable	Not yet in force. G.S.R. 843(E) of 13-11-2025 appoints 13-5-2027 as the commencement date for this section, under s. 1(2) of the Act.	authoritative			India Code 123456789/512140, accessioned 2026-07-10	eng	https://indiacode.gov.in/handle/123456789/512140	2026-09-16	application/json	1622	71586654b3b3dd76fc6cd5786645b4abb53f98d7f92bc21867082471229e2dca
DPDP-2023-s11	Digital Personal Data Protection Act, 2023 (Act 22 of 2023), s. 11	Right to access information about personal data.	legislative	not-yet-applicable	Not yet in force. G.S.R. 843(E) of 13-11-2025 appoints 13-5-2027 as the commencement date for this section, under s. 1(2) of the Act.	authoritative			India Code 123456789/512141, accessioned 2026-07-10	eng	https://indiacode.gov.in/handle/123456789/512141	2026-09-16	application/json	1345	9684efdd6d56947f52ef46a08ef7f1a7e287f5f01dc36d10caa15045924f22a5
DPDP-2023-s12	Digital Personal Data Protection Act, 2023 (Act 22 of 2023), s. 12	Right to correction and erasure of personal data.	legislative	not-yet-applicable	Not yet in force. G.S.R. 843(E) of 13-11-2025 appoints 13-5-2027 as the commencement date for this section, under s. 1(2) of the Act.	authoritative			India Code 123456789/512142, accessioned 2026-07-10	eng	https://indiacode.gov.in/handle/123456789/512142	2026-09-16	application/json	977	d2e5c88868575c983bc515cc8031a86e3e6c89945166733a5747740b70ec52e0
DPDP-2023-s13	Digital Personal Data Protection Act, 2023 (Act 22 of 2023), s. 13	Right of grievance redressal.	legislative	not-yet-applicable	Not yet in force. G.S.R. 843(E) of 13-11-2025 appoints 13-5-2027 as the commencement date for this section, under s. 1(2) of the Act.	authoritative			India Code 123456789/512143, accessioned 2026-07-10	eng	https://indiacode.gov.in/handle/123456789/512143	2026-09-16	application/json	796	99aa00e5ee364e61984a7577e2b47c01aa85f1d496f1f0c50b1044fb3f5c0a8d
DPDP-2023-s14	Digital Personal Data Protection Act, 2023 (Act 22 of 2023), s. 14	Right to nominate.	legislative	not-yet-applicable	Not yet in force. G.S.R. 843(E) of 13-11-2025 appoints 13-5-2027 as the commencement date for this section, under s. 1(2) of the Act.	authoritative			India Code 123456789/512144, accessioned 2026-07-10	eng	https://indiacode.gov.in/handle/123456789/512144	2026-09-16	application/json	564	a3ae6c824da973a50ae6de67d35394ace0e1d8dfb1223f24f59ae2a530c71860
DPDP-2023-s15	Digital Personal Data Protection Act, 2023 (Act 22 of 2023), s. 15	Duties of Data Principal.	legislative	not-yet-applicable	Not yet in force. G.S.R. 843(E) of 13-11-2025 appoints 13-5-2027 as the commencement date for this section, under s. 1(2) of the Act.	authoritative			India Code 123456789/512145, accessioned 2026-07-10	eng	https://indiacode.gov.in/handle/123456789/512145	2026-09-16	application/json	852	feca36448a58772ce201c13c6f539bb183c2a474517fc4eb16224d512e5ba326
DPDP-2023-s16	Digital Personal Data Protection Act, 2023 (Act 22 of 2023), s. 16	Processing of personal data outside India.	legislative	not-yet-applicable	Not yet in force. G.S.R. 843(E) of 13-11-2025 appoints 13-5-2027 as the commencement date for this section, under s. 1(2) of the Act.	authoritative			India Code 123456789/512146, accessioned 2026-07-10	eng	https://indiacode.gov.in/handle/123456789/512146	2026-09-16	application/json	554	2ae4052a3b0020592347028a97469571a9f80274f48ba821796b49964ef8067a
DPDP-2023-s17	Digital Personal Data Protection Act, 2023 (Act 22 of 2023), s. 17	Exemptions.	legislative	not-yet-applicable	Not yet in force. G.S.R. 843(E) of 13-11-2025 appoints 13-5-2027 as the commencement date for this section, under s. 1(2) of the Act.	authoritative			India Code 123456789/512147, accessioned 2026-07-10	eng	https://indiacode.gov.in/handle/123456789/512147	2026-09-16	application/json	4305	508ef68baa3f178050b1cc6ed906a202a4528e8e56960fbe1f2e60ffe4900c6a
DPDP-2023-s18	Digital Personal Data Protection Act, 2023 (Act 22 of 2023), s. 18	Establishment of Board.	legislative	in-force		authoritative			India Code 123456789/512148, accessioned 2026-07-10	eng	https://indiacode.gov.in/handle/123456789/512148	2026-09-16	application/json	618	a542325a32405492b39616fae42d387250339260c306335aea8044340f6b979f
DPDP-2023-s19	Digital Personal Data Protection Act, 2023 (Act 22 of 2023), s. 19	Composition and qualifications for appointment of Chairperson and members.	legislative	in-force		authoritative			India Code 123456789/512149, accessioned 2026-07-10	eng	https://indiacode.gov.in/handle/123456789/512149	2026-09-16	application/json	861	266378d54a7712d9632943b09be266d46f744d7c14cbb3cd3f2b8febf515b329
DPDP-2023-s2	Digital Personal Data Protection Act, 2023 (Act 22 of 2023), s. 2	Definitions.	legislative	in-force		authoritative			India Code 123456789/512132, accessioned 2026-07-10	eng	https://indiacode.gov.in/handle/123456789/512132	2026-09-16	application/json	4677	56f012cb8529763109fdbce82ea0dcb72ce283d26fc635e31ed34a807a1f878d
DPDP-2023-s20	Digital Personal Data Protection Act, 2023 (Act 22 of 2023), s. 20	Salary, allowances payable to and term of office.	legislative	in-force		authoritative			India Code 123456789/512150, accessioned 2026-07-10	eng	https://indiacode.gov.in/handle/123456789/512150	2026-09-16	application/json	389	b25a1920539bc4f97cc238771af4f797687d5219dc4d190f5a0ce072b3f45172
DPDP-2023-s21	Digital Personal Data Protection Act, 2023 (Act 22 of 2023), s. 21	Disqualifications for appointment and continuation as Chairperson and Members of Board.	legislative	in-force		authoritative			India Code 123456789/512175, accessioned 2026-07-10	eng	https://indiacode.gov.in/handle/123456789/512175	2026-09-16	application/json	813	6a9ced50cc7933a256b963f6fefcafd1f68cfd102c510890ff8d88438afe85eb
DPDP-2023-s22	Digital Personal Data Protection Act, 2023 (Act 22 of 2023), s. 22	Resignation by Members and filling of vacancy.	legislative	in-force		authoritative			India Code 123456789/512151, accessioned 2026-07-10	eng	https://indiacode.gov.in/handle/123456789/512151	2026-09-16	application/json	1123	61a85eb71b8d36d7ac0b7b5bb040dcf6952fa4dcb8a5968912358d817dd766a1
DPDP-2023-s23	Digital Personal Data Protection Act, 2023 (Act 22 of 2023), s. 23	Proceedings of Board.	legislative	in-force		authoritative			India Code 123456789/512152, accessioned 2026-07-10	eng	https://indiacode.gov.in/handle/123456789/512152	2026-09-16	application/json	851	01cbe4041f20433f52d7f5733e59cee65756ac41da4441d52ac4f7080ac78d94
DPDP-2023-s24	Digital Personal Data Protection Act, 2023 (Act 22 of 2023), s. 24	Officers and employees of Board.	legislative	in-force		authoritative			India Code 123456789/512153, accessioned 2026-07-10	eng	https://indiacode.gov.in/handle/123456789/512153	2026-09-16	application/json	320	b2554719a064caef346004b9859557b2f14bf5955c12b806995329cbf555c4ae
DPDP-2023-s25	Digital Personal Data Protection Act, 2023 (Act 22 of 2023), s. 25	Members and officers to be public servants.	legislative	in-force		authoritative			India Code 123456789/512154, accessioned 2026-07-10	eng	https://indiacode.gov.in/handle/123456789/512154	2026-09-16	application/json	294	0ffd05e3f5217305b0b86f544927ee62b5dbd92204cc91aee6f03c3f66904f70
DPDP-2023-s26	Digital Personal Data Protection Act, 2023 (Act 22 of 2023), s. 26	Powers of Chairperson.	legislative	in-force		authoritative			India Code 123456789/512155, accessioned 2026-07-10	eng	https://indiacode.gov.in/handle/123456789/512155	2026-09-16	application/json	515	79359fe11bf8e6dbdd3e565d508704d5f9376c4ec892b5af09e0bdbb1e9cd997
DPDP-2023-s27	Digital Personal Data Protection Act, 2023 (Act 22 of 2023), s. 27	Powers and functions of Board.	legislative	not-yet-applicable	Clause (d) of sub-section (1) comes into force 13-11-2026 and the rest of the section on 13-5-2027, per G.S.R. 843(E) of 13-11-2025. No part of this section is in force today.	authoritative			India Code 123456789/512156, accessioned 2026-07-10	eng	https://indiacode.gov.in/handle/123456789/512156	2026-09-16	application/json	2178	f13a8059e7ce4bb891af3b10fd565b74197ecc14091a4c3d1f90696881dfc6c4
DPDP-2023-s28	Digital Personal Data Protection Act, 2023 (Act 22 of 2023), s. 28	Procedure to be followed by Board.	legislative	not-yet-applicable	Not yet in force. G.S.R. 843(E) of 13-11-2025 appoints 13-5-2027 as the commencement date for this section, under s. 1(2) of the Act.	authoritative			India Code 123456789/512157, accessioned 2026-07-10	eng	https://indiacode.gov.in/handle/123456789/512157	2026-09-16	application/json	2841	073f583dbcc32d23f235523d9893b2c110d760eee685d38e331e40e56f08479a
DPDP-2023-s29	Digital Personal Data Protection Act, 2023 (Act 22 of 2023), s. 29	Appeal to Appellate Tribunal.	legislative	not-yet-applicable	Not yet in force. G.S.R. 843(E) of 13-11-2025 appoints 13-5-2027 as the commencement date for this section, under s. 1(2) of the Act.	authoritative			India Code 123456789/512158, accessioned 2026-07-10	eng	https://indiacode.gov.in/handle/123456789/512158	2026-09-16	application/json	2217	04cc925a746a278bd66424aaeec77d98b23d82cabb176c5e74b73828ac800f56
DPDP-2023-s3	Digital Personal Data Protection Act, 2023 (Act 22 of 2023), s. 3	Application of Act.	legislative	not-yet-applicable	Not yet in force. G.S.R. 843(E) of 13-11-2025 appoints 13-5-2027 as the commencement date for this section, under s. 1(2) of the Act.	authoritative			India Code 123456789/512133, accessioned 2026-07-10	eng	https://indiacode.gov.in/handle/123456789/512133	2026-09-16	application/json	1077	8d830db00e136bb0f47652c947371846f75528d100e6a4ba6efc79e79dfabe0a
DPDP-2023-s30	Digital Personal Data Protection Act, 2023 (Act 22 of 2023), s. 30	Orders passed by Appellate Tribunal to be executable as decree.	legislative	not-yet-applicable	Not yet in force. G.S.R. 843(E) of 13-11-2025 appoints 13-5-2027 as the commencement date for this section, under s. 1(2) of the Act.	authoritative			India Code 123456789/512159, accessioned 2026-07-10	eng	https://indiacode.gov.in/handle/123456789/512159	2026-09-16	application/json	519	5351d52afa054ef728836c1372bfe4a15507ee4b399baf032a424b341af459a5
DPDP-2023-s31	Digital Personal Data Protection Act, 2023 (Act 22 of 2023), s. 31	Alternate dispute resolution.	legislative	not-yet-applicable	Not yet in force. G.S.R. 843(E) of 13-11-2025 appoints 13-5-2027 as the commencement date for this section, under s. 1(2) of the Act.	authoritative			India Code 123456789/512160, accessioned 2026-07-10	eng	https://indiacode.gov.in/handle/123456789/512160	2026-09-16	application/json	338	4e3acf993b00f7b0c645e0f5d671ec8c362db4f9886f5e7b12dc5fb915a049e4
DPDP-2023-s32	Digital Personal Data Protection Act, 2023 (Act 22 of 2023), s. 32	Voluntary undertaking.	legislative	not-yet-applicable	Not yet in force. G.S.R. 843(E) of 13-11-2025 appoints 13-5-2027 as the commencement date for this section, under s. 1(2) of the Act.	authoritative			India Code 123456789/512161, accessioned 2026-07-10	eng	https://indiacode.gov.in/handle/123456789/512161	2026-09-16	application/json	1166	67545c75663e7fd7f6cae410ce7d36c66c3ae1ec75341fefb12ff288826b424e
DPDP-2023-s33	Digital Personal Data Protection Act, 2023 (Act 22 of 2023), s. 33	Penalties.	legislative	not-yet-applicable	Not yet in force. G.S.R. 843(E) of 13-11-2025 appoints 13-5-2027 as the commencement date for this section, under s. 1(2) of the Act.	authoritative			India Code 123456789/512162, accessioned 2026-07-10	eng	https://indiacode.gov.in/handle/123456789/512162	2026-09-16	application/json	1102	9b5ed63fc238919086cd2b81e78d68110d387de9846aca5f336aa3a707a6184b
DPDP-2023-s34	Digital Personal Data Protection Act, 2023 (Act 22 of 2023), s. 34	Crediting sums realised by way of penalties to Consolidated Fund of India.	legislative	not-yet-applicable	Not yet in force. G.S.R. 843(E) of 13-11-2025 appoints 13-5-2027 as the commencement date for this section, under s. 1(2) of the Act.	authoritative			India Code 123456789/512164, accessioned 2026-07-10	eng	https://indiacode.gov.in/handle/123456789/512164	2026-09-16	application/json	207	b4eff5164911f0a6dd0bc23a3e2dae6a62d6c5486b7c06e2134894cec74d62dc
DPDP-2023-s35	Digital Personal Data Protection Act, 2023 (Act 22 of 2023), s. 35	Protection of action taken in good faith.	legislative	in-force		authoritative			India Code 123456789/512165, accessioned 2026-07-10	eng	https://indiacode.gov.in/handle/123456789/512165	2026-09-16	application/json	334	1dccff1449c038bb5267097e45481653ea2176f6121343b03fa45f3547b2b3aa
DPDP-2023-s36	Digital Personal Data Protection Act, 2023 (Act 22 of 2023), s. 36	Power to call for information.	legislative	not-yet-applicable	Not yet in force. G.S.R. 843(E) of 13-11-2025 appoints 13-5-2027 as the commencement date for this section, under s. 1(2) of the Act.	authoritative			India Code 123456789/512166, accessioned 2026-07-10	eng	https://indiacode.gov.in/handle/123456789/512166	2026-09-16	application/json	198	a999d705afaf4eafeb094c59a7845f99de62b9ff010d3fb73cafe9846fda587c
DPDP-2023-s37	Digital Personal Data Protection Act, 2023 (Act 22 of 2023), s. 37	Power of Central Government to issue directions.	legislative	not-yet-applicable	Not yet in force. G.S.R. 843(E) of 13-11-2025 appoints 13-5-2027 as the commencement date for this section, under s. 1(2) of the Act.	authoritative			India Code 123456789/512167, accessioned 2026-07-10	eng	https://indiacode.gov.in/handle/123456789/512167	2026-09-16	application/json	1381	403a61b1d5208473abff6be2b4fb4f91b263c5091a4bc414c0937006baa205f5
DPDP-2023-s38	Digital Personal Data Protection Act, 2023 (Act 22 of 2023), s. 38	Consistency with other laws.	legislative	in-force		authoritative			India Code 123456789/512168, accessioned 2026-07-10	eng	https://indiacode.gov.in/handle/123456789/512168	2026-09-16	application/json	355	06429d46d414e059d5860f8d9977cf0d32fa9bdf1f273984a9c6b4129e0ea6d3
DPDP-2023-s39	Digital Personal Data Protection Act, 2023 (Act 22 of 2023), s. 39	Bar of jurisdiction.	legislative	in-force		authoritative			India Code 123456789/512169, accessioned 2026-07-10	eng	https://indiacode.gov.in/handle/123456789/512169	2026-09-16	application/json	368	5b6f467410b413c1189b6760ad9a614133a1692c99d78643da63ef4f9c95f038
DPDP-2023-s4	Digital Personal Data Protection Act, 2023 (Act 22 of 2023), s. 4	Grounds for processing personal data.	legislative	not-yet-applicable	Not yet in force. G.S.R. 843(E) of 13-11-2025 appoints 13-5-2027 as the commencement date for this section, under s. 1(2) of the Act.	authoritative			India Code 123456789/512134, accessioned 2026-07-10	eng	https://indiacode.gov.in/handle/123456789/512134	2026-09-16	application/json	405	a1dfd177049ac232c255bc4ba427c289932cb0c4babed1dd2a540b47651837ea
DPDP-2023-s40	Digital Personal Data Protection Act, 2023 (Act 22 of 2023), s. 40	Power to make rules.	legislative	in-force		authoritative			India Code 123456789/512170, accessioned 2026-07-10	eng	https://indiacode.gov.in/handle/123456789/512170	2026-09-16	application/json	3654	53bb9ee5b661fc122519c62fb4dda15c440ef7e04fb6fb4e6d74a4e51bbd42cc
DPDP-2023-s41	Digital Personal Data Protection Act, 2023 (Act 22 of 2023), s. 41	Laying of rules and certain notification.	legislative	in-force		authoritative			India Code 123456789/512171, accessioned 2026-07-10	eng	https://indiacode.gov.in/handle/123456789/512171	2026-09-16	application/json	899	0c11432976bc4f585fd54edfeb445b3c32442a6e0e883413b3bc0c20423eca88
DPDP-2023-s42	Digital Personal Data Protection Act, 2023 (Act 22 of 2023), s. 42	Power to amend Schedule.	legislative	in-force		authoritative			India Code 123456789/512172, accessioned 2026-07-10	eng	https://indiacode.gov.in/handle/123456789/512172	2026-09-16	application/json	454	9bb00d9f798bc545965a94ae475a3cc6260fcca5eabc02e78e17110f106a6295
DPDP-2023-s43	Digital Personal Data Protection Act, 2023 (Act 22 of 2023), s. 43	Power to remove difficulties.	legislative	in-force		authoritative			India Code 123456789/512173, accessioned 2026-07-10	eng	https://indiacode.gov.in/handle/123456789/512173	2026-09-16	application/json	591	c56780b589a40e165eafb85f6f2e8f0e6615c1c1235237ad5230e09b1510c06a
DPDP-2023-s44	Digital Personal Data Protection Act, 2023 (Act 22 of 2023), s. 44	Amendments to certain Acts.	legislative	not-yet-applicable	Sub-sections (1) and (3) are in force from 13-11-2025; sub-section (2), which amends section 8(1)(j) of the Right to Information Act, 2005, comes into force 13-5-2027. Per G.S.R. 843(E) of 13-11-2025.	authoritative			India Code 123456789/512174, accessioned 2026-07-10	eng	https://indiacode.gov.in/handle/123456789/512174	2026-09-16	application/json	1132	b95c099eb00a4f67fa16ca2a24f082b6ef2ae8aff914e43cfb8254262c1723a4
DPDP-2023-s5	Digital Personal Data Protection Act, 2023 (Act 22 of 2023), s. 5	Notice.	legislative	not-yet-applicable	Not yet in force. G.S.R. 843(E) of 13-11-2025 appoints 13-5-2027 as the commencement date for this section, under s. 1(2) of the Act.	authoritative			India Code 123456789/512135, accessioned 2026-07-10	eng	https://indiacode.gov.in/handle/123456789/512135	2026-09-16	application/json	2281	823b335bb9e24a641a5a9b41dac365ca4bae069c75014725539a2e47b0d80d4d
DPDP-2023-s6	Digital Personal Data Protection Act, 2023 (Act 22 of 2023), s. 6	Consent.	legislative	not-yet-applicable	Sub-section (9) comes into force 13-11-2026 and sub-sections (1) to (8) and (10) on 13-5-2027, per G.S.R. 843(E) of 13-11-2025. No part of this section is in force today.	authoritative			India Code 123456789/512136, accessioned 2026-07-10	eng	https://indiacode.gov.in/handle/123456789/512136	2026-09-16	application/json	4727	35ebe4da38587f6ffc5d50a064ca7b872f230801613c723757c28dbca1844f9f
DPDP-2023-s7	Digital Personal Data Protection Act, 2023 (Act 22 of 2023), s. 7	Certain legitimate uses.	legislative	not-yet-applicable	Not yet in force. G.S.R. 843(E) of 13-11-2025 appoints 13-5-2027 as the commencement date for this section, under s. 1(2) of the Act.	authoritative			India Code 123456789/512137, accessioned 2026-07-10	eng	https://indiacode.gov.in/handle/123456789/512137	2026-09-16	application/json	4099	f79d07142bad38bca56d4392093caad4a3f799491725d6c3980f260b3b1801ba
DPDP-2023-s8	Digital Personal Data Protection Act, 2023 (Act 22 of 2023), s. 8	General obligations of Data Fiduciary.	legislative	not-yet-applicable	Not yet in force. G.S.R. 843(E) of 13-11-2025 appoints 13-5-2027 as the commencement date for this section, under s. 1(2) of the Act.	authoritative			India Code 123456789/512138, accessioned 2026-07-10	eng	https://indiacode.gov.in/handle/123456789/512138	2026-09-16	application/json	3830	4a719df7bd54da35afca0729fa75f2d18452158466640b6f3cd1cd86d3cc0d53
DPDP-2023-s9	Digital Personal Data Protection Act, 2023 (Act 22 of 2023), s. 9	Processing of personal data of children.	legislative	not-yet-applicable	Not yet in force. G.S.R. 843(E) of 13-11-2025 appoints 13-5-2027 as the commencement date for this section, under s. 1(2) of the Act.	authoritative			India Code 123456789/512139, accessioned 2026-07-10	eng	https://indiacode.gov.in/handle/123456789/512139	2026-09-16	application/json	1421	7ae707b89b992fd308d1046d944eeaf6cc6b0fe20ba3084f8b4b70d8470c0a29
IT-2000-s19	Information Technology Act, 2000 (Act 21 of 2000), s. 19	Recognition of foreign Certifying Authorities.	legislative	in-force		authoritative			India Code 123456789/515007, accessioned 2026-07-10	eng	https://indiacode.gov.in/handle/123456789/515007	2026-09-16	application/json	853	5229ba42c3512a5a8521360ac92e09d33dd2ba2a7dfa8bf985bcb161750f8ccd
IT-2000-s2	Information Technology Act, 2000 (Act 21 of 2000), s. 2	Definitions.	legislative	in-force		authoritative			India Code 123456789/514984, accessioned 2026-07-10	eng	https://indiacode.gov.in/handle/123456789/514984	2026-09-16	application/json	8757	c0d00bf0407fb13d774e7574f084ec052d03c3b64e154e8ed142ed9a4c6e4f89
IT-2000-s43A	Information Technology Act, 2000 (Act 21 of 2000), s. 43A	Compensation for failure to protect data.	legislative	in-force		authoritative			India Code 123456789/515035, accessioned 2026-07-10	eng	https://indiacode.gov.in/handle/123456789/515035	2026-09-16	application/json	1493	60c5971b31d93a16ca076565ad91c0e98aa998d504f04392b7364619be60c771
OFFLANG-1963-s5	Official Languages Act, 1963 (Act 19 of 1963), s. 5	Authorised Hindi translations of Central Acts, etc.	legislative	in-force		authoritative			India Code 123456789/520753, accessioned 2026-07-10	eng	https://indiacode.gov.in/handle/123456789/520753	2026-09-16	application/json	737	3c771176a091c8a16490e2a721de0580b5c36847d0ba1c518ce51de65c7c84b4
