item_id	handle	footnote
AADHAAR-2016-s1	123456789/529353	"1. The words ""except the State of Jammu and Kashmir"" omitted by Act 34 of 2019, s. 95 and the Fifth Schedule (w.e.f. 31-10- 2019). 2. 12th September, 2016 -- Section 1 to 10, 24 to 47, vide notification No. S.O. 2927 (E), dated 12th September, 2016 see Gazette of India Extraordinary, Part II, s. 3 (ii). 12th July, 2016-- Section 11 to 20, 22 and 23, 48 to 59, vide notification No. S.O. 2357 (E), dated 12 the July 2016, see Gazette of India, Extraordinary, Part II, s. 3 (ii). 25th July, 2019 -- Sections 1 to 30, vide notification No. S.O. 2649 (E), dated 25th July, 2019 see Gazette of India, Extraordinary, Part II, s. 3 (ii)."
AADHAAR-2016-s2	123456789/529364	1. Subs. by Act 14 of 2019, s, 3, for clause (a) (w.e.f. 25-7-2019). 2. Ins. by s. 3, ibid, (w.e.f. 25-7-2019). 3. Ins. by Act 14 of 2019, s. 3 (w.e.f. 25-7-2019)
AADHAAR-2016-s3	123456789/529374	1. Ins. by Act 14 of 2019, s. 4 (w.e.f. 25-7-2019).
AADHAAR-2016-s3A	123456789/538064	1. Ins. by Act 14 of 2019, s. 5 (w.e.f. 25-7-2019).
AADHAAR-2016-s4	123456789/529378	1. Subs. by Act 14 of 2019, s. 6, for Sub-section (3) (w.e.f. 25-7-2019).
AADHAAR-2016-s7	123456789/529381	1. Ins. by Act 14 of 2019, s. 7 (w.e.f. 25-7-2019).
AADHAAR-2016-s8	123456789/529390	1. Ins. by Act 14 of 2019, s. 8 (w.e.f. 25-7-2019).
AADHAAR-2016-s8A	123456789/538065	1. Ins. by Act 14 of 2019, S. 9 (w.e.f. 25-7-2019).
AADHAAR-2016-s21	123456789/529492	1. Subs. by Act 14 of 2019, s. 10, for section 21 (w.e.f. 25-7-2019).
AADHAAR-2016-s23A	123456789/538066	1. Ins. by Act 14 of 2019, s. 11 (w.e.f. 25-7-2019).
AADHAAR-2016-s25	123456789/529505	1. Subs. by Act 14 of 2019, s. 12, for section 25 (w.e.f. 25-7-2019).
AADHAAR-2016-s29	123456789/529548	"1. Subs. by Act 14 of 2019, s. 13, for sub-section (3) (w.e.f. 25-7-2019). 2. Subs. by Act 14 of 2019, s. 13, for ""or core biometric information"" (w.e.f. 25-7-2019)."
AADHAAR-2016-s33	123456789/529590	"1. Subs. by Act 14 of 2019 s. 14, for ""District Judge"" (w.e.f. 25-7-2019). 2. Ins. by s. 14, ibid. (w.e.f. 25-7-2019).. 3. Subs. by Act 14 of 2019, s. 14, for ""Joint Secretary"" (w.e.f. 25-7-2019)."
AADHAAR-2016-s33A	123456789/538067	1. Ins. by Act 14 of 2019, s. 15 (w.e.f. 25-7-2019).
AADHAAR-2016-s33B	123456789/538068	1. Ins. by Act 14 of 2019, s. 15 (w.e.f. 25-7-2019).
AADHAAR-2016-s33C	123456789/538069	1. Ins. by Act 14 of 2019, s. 15 (w.e.f. 25-7-2019).
AADHAAR-2016-s33D	123456789/538070	1. Ins. by Act 14 of 2019, s. 15 (w.e.f. 25-7-2019).
AADHAAR-2016-s33E	123456789/538071	1. Ins. by Act 14 of 2019, s. 15 (w.e.f. 25-7-2019).
AADHAAR-2016-s33F	123456789/538072	1. Ins. by Act 14 of 2019, s. 15 (w.e.f. 25-7-2019).
AADHAAR-2016-s38	123456789/529629	"1. Subs. by Act 14 of 2019, s. 16 for ""three years"" (w.e.f. 25-7-2019)"
AADHAAR-2016-s39	123456789/529640	1. Subs. by Act 14 of 2019, s. 17 (w.e.f. 25-7-2019).
AADHAAR-2016-s40	123456789/529651	1. Subs. by Act 14 of 2019, s. 18 for section 40 (w.e.f. 25-7-2019)
AADHAAR-2016-s41	123456789/529662	1. Subs. by Act 18 of 2023, s. 2 and Schedule, for certain words (w.e.f. 30-11-2023).
AADHAAR-2016-s42	123456789/529673	"1. Subs. by Act 14 of 2019, s. 19 for ""One year"" (w.e.f. 25-7-2019)."
AADHAAR-2016-s47	123456789/529727	1. Ins. by Act 14 of 2019, s. 20 (w.e.f. 25-7-2019)
AADHAAR-2016-s50A	123456789/538073	1. Ins. by Act 14 of 2019, s. 21 (w.e.f. 25-7-2019).
AADHAAR-2016-s51	123456789/529754	"1. Subs. by Act 14 of 2019, s. 22 for ""Member, officer"" (w.e.f. 25-7-2019)"
AADHAAR-2016-s53	123456789/529763	1. Ins. by Act 14 of 2019, s. 23 (w.e.f. 25-7-2019).
AADHAAR-2016-s54	123456789/529774	1. Subs. by Act 14 of 2019, s. 24 for clause (a) (w.e.f. 25-7-2019). 2. Ins. by s. 24, ibid, (w.e.f. 25-7-2019). 3. Ins. by ibid, (w.e.f. 25-7-2019).
DPDP-2023-s1	123456789/512131	*1. 13th November, 2025--- Ss. 2, 18 to 26, 35 to 43 and sub-section (1) and (3) of s. 44; One year from 13th November, 2025--- Sub-section (9) of s. 6 and clause (d) of sub-section (1) of s. 27; Eighteen Months from 13th November, 2025--- Ss. 3 to 5, sub-sections (1) to (8) and (10) of s. 6, ss. 7 to 17, s. 27 except clause (d) of sub-section (1) of the said sections, ss. 28 to 34, 36, 37 and sub-section (2) of s. 44, vide notifn. No. G.S.R. 843(E), dated 13th November, 2025, see Gazette of India, Extraordinary, Part II, s. 3(i).
COPYRIGHT-1957-s2	123456789/515532	1. The word and omitted by Act 38 of 1994, s. 2 (w.e.f. 10-5-1995). 2. Ins. by s. 2, ibid. (w.e.f. 10-5-1995). 3. Clause (aa) omitted by Act 33 of 2021, s. 10 (w.e.f. 4-4-2021). 4. Subs. by s. 2, ibid.., for architectural work of art (w.e.f. 10-5-1995). 5. Subs. by s. 2, ibid.., for sub-clauses (v) and (vi) (w.e.f. 10-5-1995). 6. Ins. by Act 23 of 1983, s. 3 (w.e.f. 9-8-1984). 7. Subs. by Act 38 of 1994, s. 2, for clause (f) (w.e.f. 10-5-1995). 8. The words on any medium produced through a process from which a moving image may be any means omitted by Act 27 of 2012, s. 2 (w.e.f. 21-6-2012). 9. Ins. by s. 2, ibid. (w.e.f. 21-6-2012). 10. Subs. by s. 2, ibid., for clause (ff) (w.e.f. 21-6-2012). 11. Subs. by Act 23 of 1983, s. 2, for radio-diffusion (w.e.f. 9-8-1984). 12. Ins. by Act 65 of 1984, s. 2 (w.e.f. 8-10-1984). 13. Subs. by Act 23 of 1983, s. 2, for clause (l) (w.e.f. 9-8-1984). 14. Subs. by Act 38 of 1994, s. 2, for clause (m) (w.e.f. 10-5-1995). 15. Subs. by s. 2, ibid., for clause (o) (w.e.f. 10-5-1995). 16. Subs. by Act 49 of 1999, s. 2, for data basis (w.e.f. 15-1-2000). 17. Subs. by Act 38 of 1994, s. 2, for clause (p) (w.e.f. 10-5-1995). 18. Subs. by s. 2, ibid., for clause (q) (w.e.f. 10-5-1995). 19. Ins. by s. 2, ibid. (w.e.f. 10-5-1995). 20. Omitted by s. 2, ibid. (w.e.f. 10-5-1995). 21. Ins. by Act 65 of 1984, s. 2 (w.e.f. 8-10-1984). 22. Subs. by Act 38 of 1994, s. 2, for record (w.e.f. 10-5-1995). 23. Subs. by Act 33 of 2021, s. 10, for clause (u) (w.e.f. 4-4-2021). 24. Ins. by s. 2, ibid. (10-5-1995). 25. Omitted by Act 23 of 1983, s. 2 (w.e.f. 9-8-1984). 26. Omitted by Act 38 of 1994, s. 2 (w.e.f. 10-5-1995). 27. Subs. by s. 2, ibid., for clause (x) (w.e.f. 10-5-1995). 28 Ins. by Act 27 of 2012, s. 2 (w.e.f. 21-6-2012).
COPYRIGHT-1957-s17	123456789/515548	1. Ins. by Act 23 of 1983, s. 8 (w.e.f. 9-8-1984). 2. Ins. by Act 27 of 2012, s. 7 (w.e.f. 21-6-202).
COPYRIGHT-1957-s28	123456789/515562	"1 Subs. by Act 13 of 1992, s. 2, for ""fifty years"" (w.e.f. 28-10-1991)"
COPYRIGHT-1957-s52	123456789/515607	"1. Subs. by Act 27 of 2012, s. 32, for clause (a) (w.e.f. 21-6-2012). 2. Ins. by Act 38 of 1994, s. 17 (w.e.f. 10-5-1995). 3. Ins. by Act 49 of 1999, s. 7 (w.e.f. 15-1-2000). 4. Subs. by Act 27 of 2012, s. 32, for clauses (b), (c), (d), (e), (f), (g), (h), (i) and (j) (w.e.f. 21-6-2012). 5. Subs. by Act 38 of 1994, s. 17, for clauses (j) and (k) (w.e.f. 10-5-1995). 6. Subs. by Act 27 of 2012, s. 32, for clause (n) (w.e.f. 21-6-2012). 7. Subs. by s. 32, ibid., for ""public library"" (w.e.f. 21-6-2012). 8. Subs. by Act 49 of 1999, s. 7, for ""fifty years"" (w.e.f. 15-1-2000). 9. Subs. by Act 38 of 1994, s. 17, for clause (s) (w.e.f. 9-8-1995). 10. Subs. by Act 27 of 2012, s. 32, for clause (w) (w.e.f. 21-6-2012). 11. Subs. by s. 32, ibid., for dramatic or (w.e.f. 21-6-2012) 12. Ins. by Act 38 of 1994, s. 17 (w.e.f. 9-8-1995). 13. Ins. by Act 27 of 2012, s. 32 (w.e.f. 21-6-2012)."
IT-2000-s2	123456789/514984	"1. Subs. by Act 10 of 2009, s. 2, for ""digital signature"" (w.e.f. 27-10-2009). 2. Ins. by Act 7 of 2017, s. 169 (w.e.f. 26-5-2017). 3. Ins. by Act 10 of 2009, s. 4, ibid. (w.e.f. 27-10-2009). 4. Subs. by s. 4, ibid., for clause (j) (w.e.f. 27-10-2009). 5. Clause (n) omitted by Act 7 of 2017, s.169 (w.e.f. 26-5-2017). 6. Ins. by Act 10 of 2009, s. 4 (w.e.f. 27-10-2009). 7. Subs. by s. 4, ibid., for ""data, text"" (w.e.f. 27-10-2009). 8. Subs. by s. 4, ibid., for clause (w) (w.e.f. 27-10-2009). 9. Subs. by Act 10 of 2009, s. 2, for ""digital signature"" (w.e.f. 27-10-2009)."
IT-2000-s19	123456789/515007	"1Subs. by s. 2, ibid., for ""Digital Signature"" (w.e.f. 27-10-2009)"
IT-2000-s43A	123456789/515035	1 Ins. by s. 22, ibid. (w.e.f. 27-10-2009).
